row,address
105,"114 Magnolia Ave, Piedmont, CA 94610, USA"
108,"114 Magnolia Ave, Piedmont, CA 94610, USA"
732,"15894 Via Del Sol, San Lorenzo, CA 94580, USA"
10008,"16247 Garden Bar Rd, Grass Valley, CA 95949, USA"
690,"15950 E 14th St, San Leandro, CA 94578, USA"
107,"431 Lagunitas Ave, Oakland, CA 94610, USA"
693,"1734 163rd Ave, San Leandro, CA 94578, USA"
10602,"4 Thicket, Irvine, CA 92614, USA"
7204,"1129 S Downey Rd, Los Angeles, CA 90023, USA"
7267,"6514 Templeton St, Huntington Park, CA 90255, USA"
112,"615 Mariposa Ave, Oakland, CA 94610, USA"
671,"14470 Birch St, San Leandro, CA 94579, USA"
7210,"458 Betty Ave, East Los Angeles, CA 90022, USA"
672,"14470 Birch St, San Leandro, CA 94579, USA"
746,"570 B St, Hayward, CA 94541, USA"
9995,"12274 Kenneth Ct, Grass Valley, CA 95949, USA"
735,"16067 Vía Harriet, San Lorenzo, CA 94580, USA"
673,"2041 W Ave 140th, San Leandro, CA 94577, USA"
752,"24336 2nd St, Hayward, CA 94541, USA"
674,"154 Warbler Ct, San Leandro, CA 94579, USA"
7198,"3670 E 5th St, Los Angeles, CA 90063, USA"
664,"14610 Washington Ave, San Leandro, CA 94578, USA"
7250,"1208 S Spruce St, Montebello, CA 90640, USA"
262,"4734 Walnut St, Oakland, CA 94619, USA"
705,"27044 Halifax Pl, Hayward, CA 94542, USA"
260,"4734 Walnut St, Oakland, CA 94619, USA"
68,"1737 10th St, Oakland, CA 94607, USA"
103,"431 Lagunitas Ave, Oakland, CA 94610, USA"
675,"2136 Farallon Dr, San Leandro, CA 94577, USA"
94,"321 10th St, Oakland, CA 94607, USA"
708,"1711 B St, Hayward, CA 94541, USA"
2851,"3013 Fernvale Rd, Bakersfield, CA 93306, USA"
67,"163 Adeline St, Oakland, CA 94607, USA"
7197,"457 S Downey Rd, Los Angeles, CA 90063, USA"
3140,"3319 Marble St, Rosamond, CA 93560, USA"
7233,"6147 E Hereford Dr, East Los Angeles, CA 90022, USA"
2838,"115 Bernard St, Bakersfield, CA 93305, USA"
666,"589 Beatrice St, San Leandro, CA 94579, USA"
2841,"2914 Dartmouth St, Bakersfield, CA 93305, USA"
662,"15135 Hesperian Blvd, San Leandro, CA 94578, USA"
3145,"1018 Mojave-Barstow Hwy, Mojave, CA 93501, USA"
2843,"2914 Dartmouth St, Bakersfield, CA 93305, USA"
669,"990 Arguello Dr, San Leandro, CA 94578, USA"
654,"610 Aladdin Ave, San Leandro, CA 94577, USA"
659,"610 Aladdin Ave, San Leandro, CA 94577, USA"
10574,"11002 Bee Canyon Access Rd, Trabuco Canyon, CA 92679, USA"
61,"2430 Willow St, Oakland, CA 94607, USA"
73,"1312 Kirkham Ct, Oakland, CA 94607, USA"
131,"2112 Manzanita Dr, Oakland, CA 94611, USA"
110,"615 Mariposa Ave, Oakland, CA 94610, USA"
9990,"19615 Valkenburg Ln, Grass Valley, CA 95949, USA"
96,"45 Randwick Ave, Oakland, CA 94611, USA"
115,"190 John St, Oakland, CA 94611, USA"
655,"14290 Rose Dr, San Leandro, CA 94578, USA"
116,"190 John St, Oakland, CA 94611, USA"
656,"14290 Rose Dr, San Leandro, CA 94578, USA"
70,"1312 Kirkham Ct, Oakland, CA 94607, USA"
74,"1312 Kirkham Ct, Oakland, CA 94607, USA"
91,"431 Martin Luther King Jr Way, Oakland, CA 94607, USA"
10645,"287 Viejo St, Laguna Beach, CA 92651, USA"
79,"431 Martin Luther King Jr Way, Oakland, CA 94607, USA"
658,"15135 Hesperian Blvd, San Leandro, CA 94578, USA"
72,"1312 Kirkham Ct, Oakland, CA 94607, USA"
92,"431 Martin Luther King Jr Way, Oakland, CA 94607, USA"
232,"3548 Monterey Blvd, Oakland, CA 94619, USA"
7234,"650 Harding Ave, East Los Angeles, CA 90022, USA"
3124,"13934 Flint St, North Edwards, CA 93523, USA"
7235,"6147 E Hereford Dr, East Los Angeles, CA 90022, USA"
697,"16803 Clinton Ave, San Leandro, CA 94578, USA"
677,"15042 Milford St, San Leandro, CA 94579, USA"
149,"3459 Morrison Ave, Oakland, CA 94602, USA"
728,"410 W Sunset Blvd, Hayward, CA 94541, USA"
106,"690 Longridge Rd, Oakland, CA 94610, USA"
652,"14847 Lark St, San Leandro, CA 94578, USA"
236,"3835 Quigley St, Oakland, CA 94619, USA"
273,"4734 Walnut St, Oakland, CA 94619, USA"
748,"119 W Winton Ave, Hayward, CA 94544, USA"
78,"1312 Kirkham Ct, Oakland, CA 94607, USA"
731,"15894 Via Del Sol, San Lorenzo, CA 94580, USA"
10446,"421 Calle Robles, San Clemente, CA 92672, USA"
10447,"98 Calle Del Apice, San Clemente, CA 92672, USA"
722,"774 Blossom Way, Hayward, CA 94541, USA"
714,"21860 Main St, Hayward, CA 94541, USA"
10004,"23656 Woodhaven Pl, Auburn, CA 95602, USA"
10005,"23656 Woodhaven Pl, Auburn, CA 95602, USA"
730,"15894 Via Del Sol, San Lorenzo, CA 94580, USA"
90,"321 10th St, Oakland, CA 94607, USA"
89,"321 10th St, Oakland, CA 94607, USA"
3111,"229 S Norma St, Ridgecrest, CA 93555, USA"
2849,"2801 Bernard St, Bakersfield, CA 93306, USA"
3106,"1000 W Las Flores Ave, Ridgecrest, CA 93555, USA"
10626,"7 McLean, Irvine, CA 92620, USA"
9998,"19800 Viscia Ranch Rd, Grass Valley, CA 95949, USA"
678,"15058 Edgemoor St, San Leandro, CA 94579, USA"
738,"1657 Keller Ave, San Lorenzo, CA 94580, USA"
744,"410 W Sunset Blvd, Hayward, CA 94541, USA"
150,"1135 Glendora Ave, Oakland, CA 94602, USA"
99,"45 Randwick Ave, Oakland, CA 94611, USA"
3104,"501 N China Lake Blvd, Ridgecrest, CA 93555, USA"
3112,"1465 E Bowman Rd, Ridgecrest, CA 93555, USA"
736,"1657 Keller Ave, San Lorenzo, CA 94580, USA"
670,"15042 Milford St, San Leandro, CA 94579, USA"
126,"6925 Broadway Terrace, Oakland, CA 94611, USA"
10009,"14454 Lime Kiln Rd, Grass Valley, CA 95949, USA"
9992,"12521 Lime Kiln Rd, Grass Valley, CA 95949, USA"
10002,"11381 Lakeshore N, Auburn, CA 95602, USA"
9996,"10272 Round Valley Rd, Grass Valley, CA 95949, USA"
10010,"13378 Deadmans Flat Rd, Grass Valley, CA 95949, USA"
10000,"11060 Treehenge Ln, Auburn, CA 95602, USA"
10006,"24211 Ash Ct, Auburn, CA 95602, USA"
3187,"20161 W Glendale Ave, Lemoore, CA 93245, USA"
9989,"10114 Timberland Dr, Grass Valley, CA 95949, USA"
10001,"22431 Kingston Ln, Grass Valley, CA 95949, USA"
3153,"715 Brentwood Dr, Tehachapi, CA 93561, USA"
9999,"12950 Amber St, Grass Valley, CA 95949, USA"
9991,"10775 Shady S Ln, Grass Valley, CA 95949, USA"
16018,"2411 Ocean Ave, San Francisco, CA 94127, USA"
258,"1817 55th Ave, Oakland, CA 94621, USA"
87,"2015 Telegraph Ave, Oakland, CA 94612, USA"
235,"3835 Quigley St, Oakland, CA 94619, USA"
7187,"346 N Ford Blvd, East Los Angeles, CA 90022, USA"
114,"190 John St, Oakland, CA 94611, USA"
7188,"346 N Ford Blvd, East Los Angeles, CA 90022, USA"
251,"5901 Coliseum Way, Oakland, CA 94621, USA"
245,"2172 Rosedale Ave, Oakland, CA 94601, USA"
7185,"346 N Ford Blvd, East Los Angeles, CA 90022, USA"
257,"2521 61st Ave, Oakland, CA 94605, USA"
237,"3835 Quigley St, Oakland, CA 94619, USA"
256,"4801 E 14th St, Oakland, CA 94601, USA"
750,"1984 Nina Ct, Hayward, CA 94541, USA"
9960,"179 Canyon Dr, Napa, CA 94558, USA"
9961,"1310 Hestia Way, Napa, CA 94558, USA"
93,"15 Embarcadero West, Oakland, CA 94607, USA"
7201,"1129 S Downey Rd, Los Angeles, CA 90023, USA"
7200,"1142 S Hicks Ave, Los Angeles, CA 90023, USA"
10339,"1270 N Richard St, Orange, CA 92869, USA"
7203,"1142 S Hicks Ave, Los Angeles, CA 90023, USA"
7205,"1142 S Hicks Ave, Los Angeles, CA 90023, USA"
7207,"1129 S Downey Rd, Los Angeles, CA 90023, USA"
101,"431 Lagunitas Ave, Oakland, CA 94610, USA"
7193,"3670 E 5th St, Los Angeles, CA 90063, USA"
692,"15950 E 14th St, San Leandro, CA 94578, USA"
88,"321 10th St, Oakland, CA 94607, USA"
277,"3853 High St, Oakland, CA 94619, USA"
3128,"21237 83rd St, California City, CA 93505, USA"
3105,"526 W Las Flores Ave, Ridgecrest, CA 93555, USA"
9963,"2069 3rd Ave, Napa, CA 94558, USA"
2848,"2912 Noble Ave, Bakersfield, CA 93306, USA"
125,"6900 Broadway, Oakland, CA 94611, USA"
109,"615 Mariposa Ave, Oakland, CA 94610, USA"
15709,"2245 Sacramento St, San Francisco, CA 94115, USA"
7257,"1555 S McBride Ave, Los Angeles, CA 90040, USA"
11626,"4142 W Cerritos Ave, Los Alamitos, CA 90720, USA"
102,"431 Lagunitas Ave, Oakland, CA 94610, USA"
127,"6131 Thornhill Dr, Oakland, CA 94611, USA"
148,"3459 Morrison Ave, Oakland, CA 94602, USA"
124,"6886 Chabot Rd, Oakland, CA 94618, USA"
121,"6886 Chabot Rd, Oakland, CA 94618, USA"
747,"119 W Winton Ave, Hayward, CA 94544, USA"
100,"431 Lagunitas Ave, Oakland, CA 94610, USA"
749,"23830 Maud Ave, Hayward, CA 94541, USA"
3196,"13721 Houston Ave, Hanford, CA 93230, USA"
3192,"14612 Grangeville Blvd, Hanford, CA 93230, USA"
29,"5630 Gaskill St, Oakland, CA 94608, USA"
10729,"621 Jasmine Ave, Corona Del Mar, CA 92625, USA"
3108,"730 S Allen St, Ridgecrest, CA 93555, USA"
134,"6228 Elderberry Dr, Oakland, CA 94611, USA"
261,"4734 Walnut St, Oakland, CA 94619, USA"
118,"241 Florence Ave, Oakland, CA 94618, USA"
661,"14610 Washington Ave, San Leandro, CA 94578, USA"
86,"2015 Telegraph Ave, Oakland, CA 94612, USA"
10019,"10933 Spenceville Rd, Penn Valley, CA 95946, USA"
119,"241 Florence Ave, Oakland, CA 94618, USA"
255,"4801 E 14th St, Oakland, CA 94601, USA"
259,"1817 55th Ave, Oakland, CA 94621, USA"
3102,"525 Sydnor Ave, Ridgecrest, CA 93555, USA"
729,"139 Vía Bolsa, San Lorenzo, CA 94580, USA"
383,"1939 107th Ave, Oakland, CA 94603, USA"
381,"1939 107th Ave, Oakland, CA 94603, USA"
10018,"19050 Jayhawk Dr, Penn Valley, CA 95946, USA"
3107,"229 Goss St, Ridgecrest, CA 93555, USA"
739,"1657 Keller Ave, San Lorenzo, CA 94580, USA"
2852,"1708 Camino Primavera, Bakersfield, CA 93306, USA"
218,"2634 Humboldt Ave, Oakland, CA 94602, USA"
2847,"2935 Oswell St, Bakersfield, CA 93306, USA"
3115,"557 E Dolphin Ave, Ridgecrest, CA 93555, USA"
733,"15701 Lorenzo Ave, San Lorenzo, CA 94580, USA"
679,"15458 Farnsworth St, San Leandro, CA 94579, USA"
2850,"1708 Camino Primavera, Bakersfield, CA 93306, USA"
231,"3107 Sylvan Ave, Oakland, CA 94602, USA"
7209,"458 Betty Ave, East Los Angeles, CA 90022, USA"
7196,"3670 E 5th St, Los Angeles, CA 90063, USA"
220,"3563 Laguna Ave, Oakland, CA 94602, USA"
26,"1408 66th St, Berkeley, CA 94702, USA"
151,"1135 Glendora Ave, Oakland, CA 94602, USA"
762,"106 Lund Ave, Hayward, CA 94544, USA"
768,"25100 Santa Clara St, Hayward, CA 94544, USA"
2837,"115 Bernard St, Bakersfield, CA 93305, USA"
10261,"907 Farmer Ln, Placentia, CA 92870, USA"
469,"1970 Curtis St, Berkeley, CA 94702, USA"
472,"1970 Curtis St, Berkeley, CA 94702, USA"
468,"1970 Curtis St, Berkeley, CA 94702, USA"
9637,"14490 Almond Dr, Los Banos, CA 93635, USA"
248,"1664 35th Ave, Oakland, CA 94601, USA"
10267,"4932 Cartlen Dr, Placentia, CA 92870, USA"
9887,"1364 Calistoga Ave, Napa, CA 94559, USA"
154,"1135 Glendora Ave, Oakland, CA 94602, USA"
10282,"179 E La Palma Ave, Anaheim, CA 92807, USA"
775,"819 Poinciana St, Hayward, CA 94545, USA"
10437,"626 Avenida Victoria, San Clemente, CA 92672, USA"
157,"690 Longridge Rd, Oakland, CA 94610, USA"
9638,"26213 Henry Miller Ave, Gustine, CA 95322, USA"
467,"1545 Addison St, Berkeley, CA 94703, USA"
10439,"1025 Calle Amanecer, San Clemente, CA 92673, USA"
2831,"705 34th St, Bakersfield, CA 93301, USA"
479,"2637 Sacramento St, Berkeley, CA 94702, USA"
480,"2637 Sacramento St, Berkeley, CA 94702, USA"
153,"1021 Longridge Rd, Oakland, CA 94610, USA"
473,"2527 Tenth St, Berkeley, CA 94710, USA"
160,"2514 9th Ave, Oakland, CA 94606, USA"
2833,"3232 H St, Bakersfield, CA 93301, USA"
152,"1444 E 32nd St, Oakland, CA 94602, USA"
485,"2344 Ward St, Berkeley, CA 94705, USA"
486,"2344 Ward St, Berkeley, CA 94705, USA"
459,"15 Canyon Rd, Berkeley, CA 94704, USA"
456,"15 Canyon Rd, Berkeley, CA 94704, USA"
10430,"422 Calle Vista Torito, San Clemente, CA 92672, USA"
10435,"106 W Canada, San Clemente, CA 92672, USA"
429,"1400 McGee Ave, Berkeley, CA 94703, USA"
10431,"106 W Canada, San Clemente, CA 92672, USA"
482,"2652 Milvia St, Berkeley, CA 94704, USA"
162,"690 Longridge Rd, Oakland, CA 94610, USA"
9962,"4100 Hagen Rd, Napa, CA 94558, USA"
477,"2652 Milvia St, Berkeley, CA 94704, USA"
446,"1970 Curtis St, Berkeley, CA 94702, USA"
164,"1901 Park Blvd, Oakland, CA 94606, USA"
2846,"2931 Crest Dr, Bakersfield, CA 93306, USA"
3116,"4160 Las Flores Ave, Ridgecrest, CA 93555, USA"
2844,"1133 Panorama Dr, Bakersfield, CA 93305, USA"
11676,"7575 El Escorial Way, Buena Park, CA 90620, USA"
9656,"2883 Evelyn Ln, Dos Palos, CA 93620, USA"
455,"1546 Le Roy Ave, Berkeley, CA 94708, USA"
9706,"321 Katherine Ave, Salinas, CA 93901, USA"
3129,"21291 Windsong St, California City, CA 93505, USA"
9684,"2100 McKinnon St, Salinas, CA 93906, USA"
10451,"34652 Via Catalina, Capistrano Beach, CA 92624, USA"
451,"2002 Center St, Berkeley, CA 94704, USA"
10314,"300 N Deerfield St, Anaheim, CA 92807, USA"
9679,"2728 Meridian Blvd, Mammoth Lakes, CA 93546, USA"
3221,"470 Greenfield Ave, Hanford, CA 93230, USA"
10335,"6826 E Hidden Oaks Ln, Orange, CA 92867, USA"
10376,"311 Santa Margarita Pkwy, Rancho Santa Margarita, CA 92688, USA"
2836,"2800 Loma Linda Dr, Bakersfield, CA 93305, USA"
10307,"4181 Eureka Ave, Yorba Linda, CA 92886, USA"
10310,"21340 Vía Del Puma, Yorba Linda, CA 92887, USA"
10387,"25001 Veterans Way, Mission Viejo, CA 92692, USA"
10312,"20446 Vía Marwah, Yorba Linda, CA 92886, USA"
10320,"6083 E Constantine Rd, Anaheim, CA 92807, USA"
10634,"3672 S Mall St, Irvine, CA 92606, USA"
10311,"20669 Cll De La Ladera, Yorba Linda, CA 92887, USA"
10317,"4415 E Orange Creek Ln, Anaheim, CA 92807, USA"
2835,"2870 Skyline Blvd, Bakersfield, CA 93305, USA"
9635,"29195 Rio Verde Dr, Santa Nella, CA 95322, USA"
10292,"18555 Lookout Dr, Yorba Linda, CA 92886, USA"
3207,"1476 Seqyoia Babe Ruth, Hanford, CA 93230, USA"
11651,"4761 Sharon Dr, La Palma, CA 90623, USA"
10346,"24276 Ensenada Ln, Mission Viejo, CA 92691, USA"
9975,"460 College Ave, Angwin, CA 94508, USA"
3213,"1325 Kaweah St, Hanford, CA 93230, USA"
10723,"17 Morning Breeze, Irvine, CA 92603, USA"
10352,"25791 Brookmont, Lake Forest, CA 92630, USA"
10363,"23701 Los Alisos Blvd, Lake Forest, CA 92630, USA"
3222,"550 Garland Way, Hanford, CA 93230, USA"
10691,"21 Auto Center Dr, Irvine, CA 92618, USA"
11101,"14971 E Ball Rd, Anaheim, CA 92806, USA"
215,"2662 Fruitvale Ave, Oakland, CA 94601, USA"
10737,"909 Via Lido Nord, Newport Beach, CA 92663, USA"
10700,"24341 Town Centre, Laguna Woods, CA 92637, USA"
10766,"1526 Ruth Ln, Newport Beach, CA 92660, USA"
10380,"23589 Castle Rock, Mission Viejo, CA 92692, USA"
10356,"24650 Mosquero Ln, Mission Viejo, CA 92691, USA"
10647,"490 Cliff Dr, Laguna Beach, CA 92651, USA"
10744,"451 Via Lido Soud, Newport Beach, CA 92663, USA"
10758,"752 University Dr, Irvine, CA 92612, USA"
11123,"1151 N Anaheim Blvd, Anaheim, CA 92801, USA"
10637,"321 Deerfield Ave, Irvine, CA 92606, USA"
11107,"1128 N Boden Dr, Anaheim, CA 92805, USA"
10771,"274 Albert Pl, Costa Mesa, CA 92627, USA"
11087,"689 S East St, Anaheim, CA 92805, USA"
10681,"1048 Miramar St, Laguna Beach, CA 92651, USA"
734,"1657 Keller Ave, San Lorenzo, CA 94580, USA"
741,"18890 Hesperian Blvd, Hayward, CA 94541, USA"
11119,"3250 E Carpenter Ave, Anaheim, CA 92806, USA"
11083,"1911 N Greengrove St, Orange, CA 92865, USA"
11112,"202 S Ash St, Anaheim, CA 92805, USA"
11098,"841 S Vale Ave, Anaheim, CA 92806, USA"
10707,"23961 Calle De La Magdalena Ste 300, Laguna Hills, CA 92653, USA"
31,"5630 Gaskill St, Oakland, CA 94608, USA"
11145,"1191 N Knollwood Cir, Anaheim, CA 92801, USA"
11134,"1683 W Cutter Rd, Anaheim, CA 92801, USA"
11129,"1683 W Cutter Rd, Anaheim, CA 92801, USA"
10720,"6286 Sierra Siena Rd, Irvine, CA 92603, USA"
10669,"1815 Port Wheeler Pl, Newport Beach, CA 92660, USA"
11117,"134 S Beth Cir, Anaheim, CA 92806, USA"
7202,"1129 S Downey Rd, Los Angeles, CA 90023, USA"
7194,"322 N Hicks Ave, Los Angeles, CA 90063, USA"
98,"45 Randwick Ave, Oakland, CA 94611, USA"
7208,"4341 E Washington Blvd, Commerce, CA 90040, USA"
769,"25100 Santa Clara St, Hayward, CA 94544, USA"
7192,"457 S Downey Rd, Los Angeles, CA 90063, USA"
7190,"1060 Sheriff Rd, East Los Angeles, CA 90022, USA"
7186,"457 S Downey Rd, Los Angeles, CA 90063, USA"
7189,"1060 Sheriff Rd, East Los Angeles, CA 90022, USA"
7191,"4017 San Carlos St, Los Angeles, CA 90063, USA"
778,"819 Poinciana St, Hayward, CA 94545, USA"
7199,"457 S Downey Rd, Los Angeles, CA 90063, USA"
7206,"1129 S Downey Rd, Los Angeles, CA 90023, USA"
7184,"346 N Ford Blvd, East Los Angeles, CA 90022, USA"
3220,"470 Greenfield Ave, Hanford, CA 93230, USA"
11158,"3143 W Teranimar Dr, Anaheim, CA 92804, USA"
3147,"29701 Goldspike Rd, Tehachapi, CA 93561, USA"
11669,"6905 Oslo Cir, Buena Park, CA 90621, USA"
3164,"810 S Derby St, Arvin, CA 93203, USA"
16232,"230 Bedford Rd, Stockton, CA 95204, USA"
16249,"4119 Coronado Ave, Stockton, CA 95204, USA"
3197,"1561 W Chianti Way, Hanford, CA 93230, USA"
3149,"22009 Lilac St, Tehachapi, CA 93561, USA"
5767,"1309 Aristo St, Glendale, CA 91201, USA"
3174,"7150 18th Ave, Lemoore, CA 93245, USA"
764,"23742 Ida Ln, Hayward, CA 94541, USA"
16283,"339 W 6th St, Stockton, CA 95206, USA"
770,"23742 Ida Ln, Hayward, CA 94541, USA"
16237,"2920 American St, Stockton, CA 95204, USA"
16215,"2958 Canal Dr, Stockton, CA 95204, USA"
3169,"8416 Buena Vista Blvd, Lamont, CA 93241, USA"
3146,"23551 Rolly Ave, Tehachapi, CA 93561, USA"
16209,"1021 S Stockton St, Stockton, CA 95206, USA"
765,"23742 Ida Ln, Hayward, CA 94541, USA"
184,"1444 E 32nd St, Oakland, CA 94602, USA"
183,"1444 E 32nd St, Oakland, CA 94602, USA"
3193,"10537 14 1/2 Ave, Lemoore, CA 93245, USA"
3195,"15169 W Hanford Armona Rd, Lemoore, CA 93245, USA"
3155,"514 E F St, Tehachapi, CA 93561, USA"
16236,"417 Walnut St, Stockton, CA 95204, USA"
180,"2514 9th Ave, Oakland, CA 94606, USA"
7246,"633 S 5th St, Montebello, CA 90640, USA"
225,"3107 Sylvan Ave, Oakland, CA 94602, USA"
3190,"659 Contenta Ct, Lemoore, CA 93245, USA"
3161,"13914 Russell St, Arvin, CA 93203, USA"
3219,"530 Kings County Dr, Hanford, CA 93230, USA"
3175,"20750 Fremont Ave, Lemoore, CA 93245, USA"
7248,"901 W Whittier Blvd, Montebello, CA 90640, USA"
3204,"975 E Leland Way, Hanford, CA 93230, USA"
3181,"894 Banyan Dr, Lemoore, CA 93245, USA"
3214,"1320 N Normandie St, Hanford, CA 93230, USA"
177,"2514 9th Ave, Oakland, CA 94606, USA"
178,"1444 E 32nd St, Oakland, CA 94602, USA"
3217,"319 Center St, Hanford, CA 93230, USA"
7265,"2804 E 58th St, Huntington Park, CA 90255, USA"
3203,"428 E Leland Way, Hanford, CA 93230, USA"
7256,"5536 E Washington Blvd, Commerce, CA 90040, USA"
7251,"1603 Chapin Rd, Montebello, CA 90640, USA"
194,"1126 E 11th St, Oakland, CA 94606, USA"
192,"1126 E 11th St, Oakland, CA 94606, USA"
196,"850 42nd Ave, Oakland, CA 94601, USA"
10031,"11726 Rough and Ready Hwy, Grass Valley, CA 95945, USA"
207,"2662 Fruitvale Ave, Oakland, CA 94601, USA"
187,"2246 23rd Ave, Oakland, CA 94606, USA"
205,"2246 23rd Ave, Oakland, CA 94606, USA"
208,"2246 23rd Ave, Oakland, CA 94606, USA"
3218,"1990 Glendale Ave, Hanford, CA 93230, USA"
191,"1706 18th Ave, Oakland, CA 94606, USA"
3202,"484 Orange St, Hanford, CA 93230, USA"
11131,"825 W Lodge Ave, Anaheim, CA 92801, USA"
11170,"821 S Sherrill St, Anaheim, CA 92804, USA"
11186,"2201 W Broadway, Anaheim, CA 92804, USA"
11217,"1909 S Norma Ln, Anaheim, CA 92802, USA"
11155,"2447 W Mall Ave, Anaheim, CA 92804, USA"
11179,"576 N Crescent Way, Anaheim, CA 92801, USA"
11140,"576 N Crescent Way, Anaheim, CA 92801, USA"
11214,"1032 S Lemon St, Anaheim, CA 92805, USA"
11152,"2445 W Crescent Ave, Anaheim, CA 92801, USA"
11153,"2445 W Crescent Ave, Anaheim, CA 92801, USA"
11151,"2445 W Crescent Ave, Anaheim, CA 92801, USA"
11205,"214 E Ellsworth Ave, Anaheim, CA 92805, USA"
11184,"906 S Nutwood St, Anaheim, CA 92804, USA"
11165,"2910 W Baywood Ave, Anaheim, CA 92804, USA"
11191,"1662 W Beacon Ave, Anaheim, CA 92802, USA"
11190,"1662 W Beacon Ave, Anaheim, CA 92802, USA"
11174,"830 S Webster Ave, Anaheim, CA 92804, USA"
11181,"238 S Nutwood St, Anaheim, CA 92804, USA"
11213,"337 W Cerritos Ave, Anaheim, CA 92805, USA"
11143,"630 N Euclid St, Anaheim, CA 92801, USA"
11148,"2463 W La Palma Ave, Anaheim, CA 92801, USA"
11215,"1309 Lynne Ave, Anaheim, CA 92802, USA"
11168,"2917 W Devoy Dr, Anaheim, CA 92804, USA"
11166,"2917 W Devoy Dr, Anaheim, CA 92804, USA"
727,"139 Vía Bolsa, San Lorenzo, CA 94580, USA"
11082,"740 W Grove Ave, Orange, CA 92865, USA"
11209,"931 E Ball Rd, Anaheim, CA 92805, USA"
694,"1734 163rd Ave, San Leandro, CA 94578, USA"
718,"21860 Main St, Hayward, CA 94541, USA"
745,"570 B St, Hayward, CA 94541, USA"
689,"15950 E 14th St, San Leandro, CA 94578, USA"
737,"1025 Via Honda, San Lorenzo, CA 94580, USA"
756,"27044 Halifax Pl, Hayward, CA 94542, USA"
698,"16803 Clinton Ave, San Leandro, CA 94578, USA"
3209,"9881 Sierra Dr, Hanford, CA 93230, USA"
704,"29536 Dixon St, Hayward, CA 94544, USA"
754,"3559 Star Ridge Rd, Hayward, CA 94542, USA"
755,"3559 Star Ridge Rd, Hayward, CA 94542, USA"
483,"2652 Milvia St, Berkeley, CA 94704, USA"
760,"26023 Whitman St, Hayward, CA 94544, USA"
715,"21062 Gary Dr, Hayward, CA 94546, USA"
712,"22874 Main St, Hayward, CA 94541, USA"
723,"207 Laurel Ave, Hayward, CA 94541, USA"
687,"190 College St, San Lorenzo, CA 94580, USA"
706,"2757 Gamble Ct, Hayward, CA 94542, USA"
721,"187 Medford Ave, Hayward, CA 94541, USA"
11672,"8461 Holder St, Buena Park, CA 90620, USA"
10049,"20129 Brougham Rd, Grass Valley, CA 95949, USA"
11644,"5100 W Cerritos Ave, Cypress, CA 90630, USA"
11646,"10497 Ethel Cir, Cypress, CA 90630, USA"
10046,"13110 Madrona Leaf Ct, Grass Valley, CA 95945, USA"
11650,"5351 Polis Dr, La Palma, CA 90623, USA"
15957,"76 De Long St, San Francisco, CA 94112, USA"
10445,"785 Avenida Salvador, San Clemente, CA 92672, USA"
15767,"40 Fillmore St, San Francisco, CA 94117, USA"
11658,"9805 Holder St, Cypress, CA 90630, USA"
15795,"1707 Mission St, San Francisco, CA 94103, USA"
10269,"153 E La Jolla St, Placentia, CA 92870, USA"
15765,"40 Fillmore St, San Francisco, CA 94117, USA"
400,"1400 McGee Ave, Berkeley, CA 94703, USA"
15961,"34 Lapham Way, San Francisco, CA 94112, USA"
11634,"9091 Holder St, Cypress, CA 90630, USA"
15960,"34 Lapham Way, San Francisco, CA 94112, USA"
15959,"34 Lapham Way, San Francisco, CA 94112, USA"
15773,"1616 Shrader St, San Francisco, CA 94117, USA"
15979,"1616 Shrader St, San Francisco, CA 94117, USA"
15774,"1616 Shrader St, San Francisco, CA 94117, USA"
6830,"908 E Hellman Ave, Monterey Park, CA 91755, USA"
156,"690 Longridge Rd, Oakland, CA 94610, USA"
11657,"9091 Holder St, Cypress, CA 90630, USA"
10268,"118 S Derek Dr, Fullerton, CA 92831, USA"
11675,"7770 Camellia Dr, Buena Park, CA 90620, USA"
444,"1545 Addison St, Berkeley, CA 94703, USA"
423,"1546 Le Roy Ave, Berkeley, CA 94708, USA"
11686,"8241 Henshaw Cir, Buena Park, CA 90621, USA"
457,"15 Canyon Rd, Berkeley, CA 94704, USA"
15955,"5720 Mission St, San Francisco, CA 94112, USA"
11702,"1705 Baronet Pl, Fullerton, CA 92833, USA"
15956,"5720 Mission St, San Francisco, CA 94112, USA"
11682,"7050 Village Dr, Buena Park, CA 90621, USA"
10444,"120 El Levante, San Clemente, CA 92672, USA"
10436,"120 El Levante, San Clemente, CA 92672, USA"
11629,"7890 E Spring St, Long Beach, CA 90815, USA"
15751,"540 Cole St, San Francisco, CA 94117, USA"
15776,"540 Cole St, San Francisco, CA 94117, USA"
10052,"15077 Osborne Hill Rd, Grass Valley, CA 95945, USA"
447,"1400 McGee Ave, Berkeley, CA 94703, USA"
11674,"8211 Orangethorpe Ave, Buena Park, CA 90621, USA"
15768,"71 Buena Vista Ave E, San Francisco, CA 94117, USA"
449,"1545 Addison St, Berkeley, CA 94703, USA"
465,"2637 Sacramento St, Berkeley, CA 94702, USA"
15958,"76 De Long St, San Francisco, CA 94112, USA"
1657,"2560 Hess Rd, Concord, CA 94521, USA"
3100,"940 W Alene Ave, Ridgecrest, CA 93555, USA"
10021,"12826 Black Rd, Penn Valley, CA 95946, USA"
281,"411 Creighton Way, Oakland, CA 94619, USA"
15948,"2 Ney St, San Francisco, CA 94112, USA"
15744,"1006 Webster St, San Francisco, CA 94115, USA"
15745,"1006 Webster St, San Francisco, CA 94115, USA"
15743,"1006 Webster St, San Francisco, CA 94115, USA"
15920,"2 Ney St, San Francisco, CA 94112, USA"
15968,"448 Peninsula Ave, San Francisco, CA 94134, USA"
15974,"3323 San Bruno Ave, San Francisco, CA 94134, USA"
15938,"3323 San Bruno Ave, San Francisco, CA 94134, USA"
15970,"827 Sunnydale Ave, San Francisco, CA 94134, USA"
15969,"827 Sunnydale Ave, San Francisco, CA 94134, USA"
15971,"827 Sunnydale Ave, San Francisco, CA 94134, USA"
15928,"73 Gladstone Dr, San Francisco, CA 94112, USA"
15994,"1504 Funston Ave, San Francisco, CA 94122, USA"
10050,"14895 Meadow Dr, Grass Valley, CA 95945, USA"
15985,"1504 Funston Ave, San Francisco, CA 94122, USA"
15993,"1504 Funston Ave, San Francisco, CA 94122, USA"
15984,"1504 Funston Ave, San Francisco, CA 94122, USA"
10023,"15591 Brandt Ln, Rough and Ready, CA 95975, USA"
10034,"22 Primrose Ln, Grass Valley, CA 95945, USA"
413,"935 Modoc St, Berkeley, CA 94707, USA"
15981,"256 Laguna Honda Blvd, San Francisco, CA 94116, USA"
16046,"76 De Long St, San Francisco, CA 94112, USA"
410,"1800 San Ramon Ave, Berkeley, CA 94707, USA"
272,"3216 Madera Ave, Oakland, CA 94619, USA"
441,"1802 Fifth St, Berkeley, CA 94710, USA"
418,"41 Hill Rd, Berkeley, CA 94708, USA"
422,"41 Hill Rd, Berkeley, CA 94708, USA"
16047,"76 De Long St, San Francisco, CA 94112, USA"
402,"35 Alamo Ave, Berkeley, CA 94708, USA"
16241,"4119 Coronado Ave, Stockton, CA 95204, USA"
15965,"25 Hanover St, San Francisco, CA 94112, USA"
182,"1444 E 32nd St, Oakland, CA 94602, USA"
16004,"256 Laguna Honda Blvd, San Francisco, CA 94116, USA"
188,"1706 18th Ave, Oakland, CA 94606, USA"
16045,"5720 Mission St, San Francisco, CA 94112, USA"
1660,"1022 Tiffin Dr, Clayton, CA 94517, USA"
407,"2047 Los Angeles Ave, Berkeley, CA 94707, USA"
320,"810 81st Ave A, Oakland, CA 94621, USA"
15947,"506 Athens St, San Francisco, CA 94112, USA"
419,"1119 Cragmont Ave, Berkeley, CA 94708, USA"
222,"3107 Sylvan Ave, Oakland, CA 94602, USA"
10047,"12829 Iron Rock Rd, Grass Valley, CA 95945, USA"
16029,"272 Circular Ave, San Francisco, CA 94131, USA"
425,"2036 Vine St, Berkeley, CA 94709, USA"
16026,"272 Circular Ave, San Francisco, CA 94131, USA"
16025,"272 Circular Ave, San Francisco, CA 94131, USA"
16021,"315 Byxbee St, San Francisco, CA 94132, USA"
16012,"2584 14th Ave, San Francisco, CA 94127, USA"
16041,"315 Byxbee St, San Francisco, CA 94132, USA"
16043,"315 Byxbee St, San Francisco, CA 94132, USA"
440,"901 Gilman St, Berkeley, CA 94710, USA"
16011,"25 Miraloma Dr, San Francisco, CA 94127, USA"
436,"901 Gilman St, Berkeley, CA 94710, USA"
280,"411 Creighton Way, Oakland, CA 94619, USA"
185,"2246 23rd Ave, Oakland, CA 94606, USA"
186,"2246 23rd Ave, Oakland, CA 94606, USA"
226,"3563 Laguna Ave, Oakland, CA 94602, USA"
278,"3853 High St, Oakland, CA 94619, USA"
217,"2634 Humboldt Ave, Oakland, CA 94602, USA"
16027,"448 Flood Ave, San Francisco, CA 94112, USA"
224,"3563 Laguna Ave, Oakland, CA 94602, USA"
209,"2246 23rd Ave, Oakland, CA 94606, USA"
211,"2662 Fruitvale Ave, Oakland, CA 94601, USA"
286,"5000 MacArthur Blvd, Oakland, CA 94613, USA"
241,"2172 Rosedale Ave, Oakland, CA 94601, USA"
313,"2521 61st Ave, Oakland, CA 94605, USA"
10056,"10897 Red Dog Rd, Nevada City, CA 95959, USA"
10344,"23611 Vía Estella, Mission Viejo, CA 92691, USA"
16022,"909 Faxon Ave, San Francisco, CA 94112, USA"
294,"7316 Ney Ave, Oakland, CA 94605, USA"
16039,"4043 Alemany Blvd, San Francisco, CA 94132, USA"
16007,"565 Rockdale Dr, San Francisco, CA 94127, USA"
10316,"130 S Tablerock Pl, Anaheim, CA 92807, USA"
10318,"510 S Westford St, Anaheim, CA 92807, USA"
16036,"288 Faxon Ave, San Francisco, CA 94112, USA"
16034,"288 Faxon Ave, San Francisco, CA 94112, USA"
246,"2172 Rosedale Ave, Oakland, CA 94601, USA"
16205,"130 W Jackson St, Stockton, CA 95206, USA"
10303,"19721 Bluefield Plaza, Yorba Linda, CA 92886, USA"
10627,"7 McLean, Irvine, CA 92620, USA"
10628,"7 McLean, Irvine, CA 92620, USA"
16196,"1215 Acacia St, Stockton, CA 95203, USA"
16211,"1215 Acacia St, Stockton, CA 95203, USA"
403,"710 Wildcat Canyon Rd, Berkeley, CA 94708, USA"
16032,"227 Louisburg St, San Francisco, CA 94112, USA"
16044,"227 Louisburg St, San Francisco, CA 94112, USA"
284,"6374 Sunnymere Ave, Oakland, CA 94605, USA"
16206,"230 Port Rd 3, Stockton, CA 95203, USA"
299,"2216 82nd Ave, Oakland, CA 94605, USA"
297,"2216 82nd Ave, Oakland, CA 94605, USA"
301,"1615 78th Ave, Oakland, CA 94621, USA"
298,"1615 78th Ave, Oakland, CA 94621, USA"
317,"971 66th Ave, Oakland, CA 94621, USA"
291,"7833 Greenly Dr, Oakland, CA 94605, USA"
203,"2766 International Blvd, Oakland, CA 94601, USA"
1599,"3554 S Silver Springs Rd, Lafayette, CA 94549, USA"
200,"2766 International Blvd, Oakland, CA 94601, USA"
10337,"4103 E Charter Oak Dr, Orange, CA 92869, USA"
667,"15058 Edgemoor St, San Leandro, CA 94579, USA"
9007,"144 Muerdago Rd, Topanga, CA 90290, USA"
11106,"1128 N Boden Dr, Anaheim, CA 92805, USA"
282,"29 Graeagle St, Oakland, CA 94605, USA"
1655,"612 Timberleaf Ct, Walnut Creek, CA 94598, USA"
16225,"2081 W Monterey Ave, Stockton, CA 95204, USA"
16244,"1805 Mighty Oak Dr, Stockton, CA 95205, USA"
1664,"1254 Quiet Cir, Concord, CA 94521, USA"
16245,"1971 Sunset Ave, Stockton, CA 95205, USA"
10633,"4102 Manzanita St, Irvine, CA 92604, USA"
3166,"8416 Bertal St, Lamont, CA 93241, USA"
1638,"11 El Gavilan Rd, Orinda, CA 94563, USA"
389,"910 Carmel Ave, Albany, CA 94706, USA"
387,"910 Carmel Ave, Albany, CA 94706, USA"
16223,"1413 Cat Tail Dr, Stockton, CA 95204, USA"
16217,"1829 W Rose St, Stockton, CA 95203, USA"
1642,"4360 Elk Dr, Antioch, CA 94531, USA"
16277,"1655 S B St, Stockton, CA 95206, USA"
16281,"527 E Charter Way, Stockton, CA 95206, USA"
11858,"390 Arlington Rd, Crescent Mills, CA 95934, USA"
1658,"32 Jalalon Pl, Clayton, CA 94517, USA"
16258,"103 E St, Stockton, CA 95205, USA"
1636,"25 Coachwood Terrace, Orinda, CA 94563, USA"
16233,"1020 S Country Club Blvd, Stockton, CA 95204, USA"
11679,"8209 Lime Cir, Buena Park, CA 90620, USA"
10699,"3406 Calle Azul, Laguna Woods, CA 92637, USA"
1613,"3262 Glenside Dr, Lafayette, CA 94549, USA"
399,"910 Carmel Ave, Albany, CA 94706, USA"
16272,"2062 Madrid Dr, Stockton, CA 95205, USA"
16267,"2837 E Lafayette St, Stockton, CA 95205, USA"
16207,"988 S Fresno Ave, Stockton, CA 95206, USA"
427,"2036 Vine St, Berkeley, CA 94709, USA"
421,"41 Hill Rd, Berkeley, CA 94708, USA"
5435,"3835 Albright Ave, Los Angeles, CA 90066, USA"
11665,"7799 Valley View St, La Palma, CA 90623, USA"
16201,"1501 S Airport Way, Stockton, CA 95206, USA"
15976,"1570 5th Ave, San Francisco, CA 94122, USA"
417,"710 Wildcat Canyon Rd, Berkeley, CA 94708, USA"
397,"1338 Neilson St, Berkeley, CA 94702, USA"
11103,"1415 E Miraloma Ave, Anaheim, CA 92806, USA"
11113,"1415 E Miraloma Ave, Anaheim, CA 92806, USA"
11538,"6818 Sowell Ave, Westminster, CA 92683, USA"
11663,"7761 Holder St, Buena Park, CA 90620, USA"
12087,"17340 Krameria Ave, Riverside, CA 92504, USA"
11670,"7059 Santa Anita Cir, Buena Park, CA 90620, USA"
10345,"24261 Castilla Ln, Mission Viejo, CA 92691, USA"
11940,"7565 Potomac Street, Riverside, CA 92504, USA"
12837,"6228 W 4th St, Rio Linda, CA 95673, USA"
16210,"717 S Ventura Ave, Stockton, CA 95203, USA"
11643,"9832 Via Sonoma, Cypress, CA 90630, USA"
11160,"3443 W Del Monte Dr, Anaheim, CA 92804, USA"
12699,"2421 Clay St, Sacramento, CA 95815, USA"
11685,"5601 Dolly Ave, Buena Park, CA 90621, USA"
16238,"43 E Alpine Ave, Stockton, CA 95204, USA"
11667,"7758 Knott Ave, Buena Park, CA 90620, USA"
11078,"342 E Oakmont Ave, Orange, CA 92867, USA"
11273,"9311 Cellini Ave, Garden Grove, CA 92841, USA"
12378,"36968 Allen Ave, Cathedral City, CA 92234, USA"
2,"6886 Chabot Rd, Oakland, CA 94618, USA"
11684,"5561 Fullerton Ave, Buena Park, CA 90621, USA"
439,"1250 67th St, Emeryville, CA 94608, USA"
13057,"10683 Viani Way, Rancho Cordova, CA 95670, USA"
181,"1444 E 32nd St, Oakland, CA 94602, USA"
15978,"1570 5th Ave, San Francisco, CA 94122, USA"
7,"5407 Bryant Ave, Oakland, CA 94618, USA"
9,"5407 Bryant Ave, Oakland, CA 94618, USA"
6,"5407 Bryant Ave, Oakland, CA 94618, USA"
0,"3130 Grizzly Peak Blvd, Berkeley, CA 94705, USA"
206,"2246 23rd Ave, Oakland, CA 94606, USA"
392,"1006 Solano Ave, Albany, CA 94706, USA"
17,"1889 Harmon St, Berkeley, CA 94703, USA"
10,"6398 Telegraph Ave, Oakland, CA 94609, USA"
15962,"2000 Alemany Blvd, San Francisco, CA 94112, USA"
13,"5321 Claremont Ave, Oakland, CA 94618, USA"
8,"5321 Claremont Ave, Oakland, CA 94618, USA"
4,"6365 Florio St, Oakland, CA 94618, USA"
15953,"2000 Alemany Blvd, San Francisco, CA 94112, USA"
15951,"2000 Alemany Blvd, San Francisco, CA 94112, USA"
15996,"256 Laguna Honda Blvd, San Francisco, CA 94116, USA"
15982,"1504 Funston Ave, San Francisco, CA 94122, USA"
10032,"846 Forest Glade Cir, Grass Valley, CA 95945, USA"
713,"570 B St, Hayward, CA 94541, USA"
707,"23830 Maud Ave, Hayward, CA 94541, USA"
123,"5672 Broadway Terrace, Oakland, CA 94618, USA"
9644,"20809 Ingomar Grade, Los Banos, CA 93635, USA"
9647,"1056 Jackson Ave, Los Banos, CA 93635, USA"
711,"22325 N 3rd St, Hayward, CA 94541, USA"
9641,"211 Gee Gee Ave, Los Banos, CA 93635, USA"
10454,"27098 Via La Mirada, San Juan Capistrano, CA 92675, USA"
9629,"610 Eureka Ct, Gustine, CA 95322, USA"
699,"511 Crespi Pl, San Lorenzo, CA 94580, USA"
9625,"9272 Brodrick Ave, Planada, CA 95365, USA"
11175,"830 S Webster Ave, Anaheim, CA 92804, USA"
9649,"1426 Willmott Rd, Los Banos, CA 93635, USA"
3194,"13454 Larkspur Way, Hanford, CA 93230, USA"
9643,"505 J St, Los Banos, CA 93635, USA"
9646,"1821 Ravine Ct, Los Banos, CA 93635, USA"
11633,"9805 Holder St, Cypress, CA 90630, USA"
14751,"3486 Clavelita St, San Diego, CA 92154, USA"
11668,"7575 El Escorial Way, Buena Park, CA 90620, USA"
3199,"2085 Peralta Way, Hanford, CA 93230, USA"
9668,"418 Patricia Ln, Coleville, CA 96107, USA"
11649,"5351 Polis Dr, La Palma, CA 90623, USA"
10455,"27522 Paseo Verano, San Juan Capistrano, CA 92675, USA"
9645,"1678 Iris Ln, Los Banos, CA 93635, USA"
10456,"31281 Paseo Crucero, San Juan Capistrano, CA 92675, USA"
10037,"11068 Bubbling Wells Rd, Grass Valley, CA 95945, USA"
11622,"9784 St John Cir, Cypress, CA 90630, USA"
11631,"9801 Valley View St, Cypress, CA 90630, USA"
11659,"828 S Rome Pl, Anaheim, CA 92804, USA"
9717,"308 Jensen Rd, Moss Landing, CA 95039, USA"
10086,"1305 W Whittier Blvd, La Habra, CA 90631, USA"
10094,"1305 W Whittier Blvd, La Habra, CA 90631, USA"
10060,"12977 Slate Creek Rd, Nevada City, CA 95959, USA"
10082,"12797 Falcon Point Pl, Truckee, CA 96161, USA"
10083,"11788 Brookstone Dr, Truckee, CA 96161, USA"
11610,"4597 Hazelnut Ave, Seal Beach, CA 90740, USA"
10043,"17100 Sunset Mountain Pl, Grass Valley, CA 95945, USA"
10061,"12696 Casci Ranch Rd, Nevada City, CA 95959, USA"
3968,"20500 Enadia Way, Canoga Park, CA 91306, USA"
10092,"1230 Lorella Ave, La Habra, CA 90631, USA"
10066,"21267 Hoosier Rd, Nevada City, CA 95959, USA"
10278,"17981 Caballo Dr, Yorba Linda, CA 92886, USA"
10038,"11352 E Bennett Rd, Grass Valley, CA 95945, USA"
10076,"14036 S Shore Dr, Truckee, CA 96161, USA"
10026,"10793 Dolores Dr, Grass Valley, CA 95945, USA"
10058,"18444 Augustine Rd, Nevada City, CA 95959, USA"
432,"1338 Neilson St, Berkeley, CA 94702, USA"
10075,"11655 Mt Rose View Dr, Truckee, CA 96161, USA"
10084,"11402 Alder Hill Rd, Truckee, CA 96161, USA"
9651,"28443 W Lux Ave, Dos Palos, CA 93620, USA"
10041,"611 Kate Hayes St, Grass Valley, CA 95945, USA"
10071,"10541 Red Fir Rd, Truckee, CA 96161, USA"
398,"910 Carmel Ave, Albany, CA 94706, USA"
10072,"10958 River Loop, Truckee, CA 96161, USA"
10027,"363 Glenwood Rd, Grass Valley, CA 95945, USA"
10051,"14941 Honey Hollow Rd, Grass Valley, CA 95945, USA"
10097,"541 E 2nd Ave, La Habra, CA 90631, USA"
10035,"11451 Lexington Way, Grass Valley, CA 95945, USA"
10024,"21300 Bald Ridge Dr, Penn Valley, CA 95946, USA"
10057,"114 Bost Ave, Nevada City, CA 95959, USA"
10089,"2101 W Whittier Blvd, La Habra, CA 90631, USA"
10088,"2101 W Whittier Blvd, La Habra, CA 90631, USA"
10069,"10685 Northwoods Blvd, Truckee, CA 96161, USA"
11654,"3443 W Del Monte Dr, Anaheim, CA 92804, USA"
10017,"13979 Dockside Ct, Penn Valley, CA 95946, USA"
244,"1664 35th Ave, Oakland, CA 94601, USA"
431,"1338 Neilson St, Berkeley, CA 94702, USA"
434,"1338 Neilson St, Berkeley, CA 94702, USA"
414,"935 Modoc St, Berkeley, CA 94707, USA"
426,"2036 Vine St, Berkeley, CA 94709, USA"
9973,"1180 Rossi Rd, St Helena, CA 94574, USA"
9972,"438 Silverado Trail S, St Helena, CA 94574, USA"
1640,"2308 Lafayette Dr, Antioch, CA 94509, USA"
11031,"543 Summerfield Way, Orange, CA 92866, USA"
3216,"319 Center St, Hanford, CA 93230, USA"
7863,"10026 Lindale St, Bellflower, CA 90706, USA"
16015,"909 Faxon Ave, San Francisco, CA 94112, USA"
16213,"1829 W Rose St, Stockton, CA 95203, USA"
1621,"1082 Bollinger Canyon Rd, Moraga, CA 94556, USA"
16031,"227 Louisburg St, San Francisco, CA 94112, USA"
826,"2003 Bolero Ave, Hayward, CA 94545, USA"
3206,"428 E Leland Way, Hanford, CA 93230, USA"
16014,"2584 14th Ave, San Francisco, CA 94127, USA"
16006,"25 Miraloma Dr, San Francisco, CA 94127, USA"
1566,"15 Duberstein Dr, San Ramon, CA 94583, USA"
16033,"227 Louisburg St, San Francisco, CA 94112, USA"
3212,"1325 Kaweah St, Hanford, CA 93230, USA"
1588,"1371 Camino Tassajara, Danville, CA 94526, USA"
11389,"7 Huntington Beach Bike Trail, Huntington Beach, CA 92646, USA"
314,"1225 70th Ave, Oakland, CA 94621, USA"
10675,"918 Canyon View Dr, Laguna Beach, CA 92651, USA"
11386,"21502 Newland St, Huntington Beach, CA 92646, USA"
766,"23742 Ida Ln, Hayward, CA 94541, USA"
1418,"2213 Upland Dr, Concord, CA 94520, USA"
81,"2015 Telegraph Ave, Oakland, CA 94612, USA"
1219,"9004 CA-26, Mokelumne Hill, CA 95245, USA"
310,"1225 70th Ave, Oakland, CA 94621, USA"
2449,"2504 Tamarack Ct, Kingsburg, CA 93631, USA"
3156,"514 E F St, Tehachapi, CA 93561, USA"
11159,"828 S Rome Pl, Anaheim, CA 92804, USA"
10765,"1526 Ruth Ln, Newport Beach, CA 92660, USA"
3173,"6224 13th Ave, Hanford, CA 93230, USA"
11142,"576 N Crescent Way, Anaheim, CA 92801, USA"
1745,"2005 Rheem Ave, Richmond, CA 94801, USA"
10367,"21571 Consejos, Mission Viejo, CA 92691, USA"
3163,"518 Langford Ave, Arvin, CA 93203, USA"
3198,"409 W Pioneer Way, Hanford, CA 93230, USA"
11161,"3443 W Del Monte Dr, Anaheim, CA 92804, USA"
12742,"3009 Greenwood Ave, Sacramento, CA 95821, USA"
3152,"742 Silver Oak Dr, Tehachapi, CA 93561, USA"
10468,"29152 Abotsinch St, Laguna Niguel, CA 92677, USA"
3167,"9030 Camino Estrella, Lamont, CA 93241, USA"
3101,"1449 Sydnor Ave, Ridgecrest, CA 93555, USA"
3170,"4378 12 3/4 Ave, Hanford, CA 93230, USA"
13559,"602 S Crescent Ave, San Bernardino, CA 92410, USA"
10725,"19111 Beckwith Terrace, Irvine, CA 92603, USA"
763,"24662 Joyce St, Hayward, CA 94544, USA"
3113,"218 Rancho St, Ridgecrest, CA 93555, USA"
3159,"15146 Panama Rd, Bakersfield, CA 93307, USA"
3184,"113 Powell Ave, Lemoore, CA 93245, USA"
3154,"1012 Canyon Dr, Tehachapi, CA 93561, USA"
3162,"16327 Russell St, Arvin, CA 93203, USA"
3179,"867 Elderwood Ln, Lemoore, CA 93245, USA"
10272,"205 Alta St, Placentia, CA 92870, USA"
3143,"1500 Kinnicutt St, Mojave, CA 93501, USA"
3157,"8455 Fuller Dr, Bakersfield, CA 93307, USA"
11172,"203 S Trojan St, Anaheim, CA 92804, USA"
3109,"1028 W St George Ave, Ridgecrest, CA 93555, USA"
10735,"1515 E Bay Ave, Newport Beach, CA 92661, USA"
774,"22699 Blackwood Ave, Hayward, CA 94541, USA"
3171,"2342 S 6th Ave, Kingsburg, CA 93631, USA"
3142,"1080 White St, Mojave, CA 93501, USA"
3137,"12029 Boron Ave, Boron, CA 93516, USA"
3057,"950 H St, Wasco, CA 93280, USA"
10740,"50 Main St, Newport Beach, CA 92661, USA"
14576,"4244 Willamette Ave, San Diego, CA 92117, USA"
48,"45 Randwick Ave, Oakland, CA 94611, USA"
7240,"901 W Whittier Blvd, Montebello, CA 90640, USA"
62,"1312 Kirkham Ct, Oakland, CA 94607, USA"
59,"2430 Willow St, Oakland, CA 94607, USA"
65,"1737 10th St, Oakland, CA 94607, USA"
7211,"458 Betty Ave, East Los Angeles, CA 90022, USA"
71,"1312 Kirkham Ct, Oakland, CA 94607, USA"
64,"1737 10th St, Oakland, CA 94607, USA"
7212,"457 S Downey Rd, Los Angeles, CA 90063, USA"
63,"1737 10th St, Oakland, CA 94607, USA"
66,"1737 10th St, Oakland, CA 94607, USA"
7214,"1107 S McBride Ave, East Los Angeles, CA 90022, USA"
3178,"473 W Deodar Ln, Lemoore, CA 93245, USA"
3052,"1966 Bautista Ave, Wasco, CA 93280, USA"
57,"2802 Linden St, Oakland, CA 94608, USA"
55,"2802 Linden St, Oakland, CA 94608, USA"
58,"2802 Linden St, Oakland, CA 94608, USA"
54,"2802 Linden St, Oakland, CA 94608, USA"
56,"2802 Linden St, Oakland, CA 94608, USA"
46,"4130 Webster St, Oakland, CA 94609, USA"
34,"736 40th St, Oakland, CA 94609, USA"
680,"15458 Farnsworth St, San Leandro, CA 94579, USA"
47,"3026 Martin Luther King Jr Way, Oakland, CA 94609, USA"
37,"3889 San Pablo Ave, Emeryville, CA 94608, USA"
60,"4080 Halleck St, Oakland, CA 94608, USA"
53,"3026 Martin Luther King Jr Way, Oakland, CA 94609, USA"
50,"3026 Martin Luther King Jr Way, Oakland, CA 94609, USA"
49,"3026 Martin Luther King Jr Way, Oakland, CA 94609, USA"
51,"3026 Martin Luther King Jr Way, Oakland, CA 94609, USA"
10271,"205 Alta St, Placentia, CA 92870, USA"
10275,"153 E La Jolla St, Placentia, CA 92870, USA"
11162,"3137 W Del Monte Dr, Anaheim, CA 92804, USA"
202,"2766 International Blvd, Oakland, CA 94601, USA"
7239,"6631 Southside Dr, East Los Angeles, CA 90022, USA"
7230,"650 Harding Ave, East Los Angeles, CA 90022, USA"
36,"736 40th St, Oakland, CA 94609, USA"
7216,"1107 S McBride Ave, East Los Angeles, CA 90022, USA"
7237,"6631 Southside Dr, East Los Angeles, CA 90022, USA"
7229,"938 1/2 S Vancouver Ave, East Los Angeles, CA 90022, USA"
7220,"938 1/2 S Vancouver Ave, East Los Angeles, CA 90022, USA"
9971,"1528 Voorhees Cir, St Helena, CA 94574, USA"
7218,"421 S La Verne Ave, East Los Angeles, CA 90022, USA"
14864,"264 Cedar Ave, Chula Vista, CA 91910, USA"
7243,"1605 W Olympic Blvd, Montebello, CA 90640, USA"
7242,"1605 W Olympic Blvd, Montebello, CA 90640, USA"
7217,"421 S La Verne Ave, East Los Angeles, CA 90022, USA"
10277,"18527 Yorba Linda Blvd, Yorba Linda, CA 92886, USA"
7221,"938 1/2 S Vancouver Ave, East Los Angeles, CA 90022, USA"
11147,"2676 W Glencrest Ave, Anaheim, CA 92801, USA"
7223,"938 1/2 S Vancouver Ave, East Los Angeles, CA 90022, USA"
9979,"8899 Knoxville Rd, Winters, CA 95694, USA"
9980,"5919 Knoxville Rd, Napa, CA 94558, USA"
9970,"1902 Madrona Ave, St Helena, CA 94574, USA"
15758,"71 Buena Vista Ave E, San Francisco, CA 94117, USA"
252,"4801 E 14th St, Oakland, CA 94601, USA"
15704,"2245 Sacramento St, San Francisco, CA 94115, USA"
15708,"2245 Sacramento St, San Francisco, CA 94115, USA"
9982,"1288 Rimrock Dr, Napa, CA 94558, USA"
9985,"415 Burgundy S, Calistoga, CA 94515, USA"
28,"5630 Gaskill St, Oakland, CA 94608, USA"
9976,"2575 Summit Lake Dr, Angwin, CA 94508, USA"
302,"1615 78th Ave, Oakland, CA 94621, USA"
300,"1615 78th Ave, Oakland, CA 94621, USA"
15159,"13354 La Venta Dr, Poway, CA 92064, USA"
223,"3107 Sylvan Ave, Oakland, CA 94602, USA"
3185,"614 C St, Lemoore, CA 93245, USA"
11121,"1151 N Anaheim Blvd, Anaheim, CA 92801, USA"
318,"1225 70th Ave, Oakland, CA 94621, USA"
189,"1706 18th Ave, Oakland, CA 94606, USA"
212,"2634 Humboldt Ave, Oakland, CA 94602, USA"
268,"3216 Madera Ave, Oakland, CA 94619, USA"
295,"7316 Ney Ave, Oakland, CA 94605, USA"
1630,"62 Tara Rd, Orinda, CA 94563, USA"
287,"5000 MacArthur Blvd, Oakland, CA 94613, USA"
16198,"343 N Locust St, Stockton, CA 95205, USA"
10719,"1 Beech Tree Ln, Irvine, CA 92612, USA"
9967,"825 Fulton Ln, St Helena, CA 94574, USA"
10395,"29112 Country Hills Rd, San Juan Capistrano, CA 92675, USA"
10706,"255 Calle Aragon, Laguna Woods, CA 92637, USA"
16224,"3944 Crawford Ct, Stockton, CA 95204, USA"
5229,"1817 E 106th St, Los Angeles, CA 90002, USA"
41,"4130 Webster St, Oakland, CA 94609, USA"
10698,"5579 Luz Del Sol, Laguna Woods, CA 92637, USA"
464,"2002 Center St, Berkeley, CA 94704, USA"
11090,"1912 E Clifpark Way, Anaheim, CA 92805, USA"
1572,"225 Railroad Ave, Danville, CA 94526, USA"
304,"6681 Foothill Blvd, Oakland, CA 94605, USA"
1580,"2656 Velvet Way, Walnut Creek, CA 94596, USA"
1596,"915 Anita Ct, Lafayette, CA 94549, USA"
10386,"28121 Amargon, Mission Viejo, CA 92692, USA"
11120,"1092 N Kraemer Pl, Anaheim, CA 92806, USA"
5429,"3501 Tilden Ave, Los Angeles, CA 90034, USA"
7215,"1107 S McBride Ave, East Los Angeles, CA 90022, USA"
10653,"22902 Pacific Park Dr, Aliso Viejo, CA 92656, USA"
9692,"18 Alpine Dr, Salinas, CA 93906, USA"
10438,"626 Avenida Victoria, San Clemente, CA 92672, USA"
250,"1664 35th Ave, Oakland, CA 94601, USA"
306,"1225 70th Ave, Oakland, CA 94621, USA"
288,"6374 Sunnymere Ave, Oakland, CA 94605, USA"
305,"1615 78th Ave, Oakland, CA 94621, USA"
264,"2172 Rosedale Ave, Oakland, CA 94601, USA"
15746,"40 Fillmore St, San Francisco, CA 94117, USA"
15740,"1006 Webster St, San Francisco, CA 94115, USA"
267,"2521 61st Ave, Oakland, CA 94605, USA"
15756,"40 Fillmore St, San Francisco, CA 94117, USA"
333,"10206 Graffian St, Oakland, CA 94603, USA"
348,"9222 Plymouth St, Oakland, CA 94603, USA"
3211,"1412 Rodgers Rd, Hanford, CA 93230, USA"
337,"10206 Graffian St, Oakland, CA 94603, USA"
341,"9222 Plymouth St, Oakland, CA 94603, USA"
10440,"410 El Vuelo, San Clemente, CA 92672, USA"
3208,"1026 Lacey Blvd, Hanford, CA 93230, USA"
15451,"3467 Corvallis St, Carlsbad, CA 92010, USA"
3183,"820 E Bush St, Lemoore, CA 93245, USA"
352,"9721 Hillgrade Ct, Oakland, CA 94603, USA"
12868,"4919 Falconwood Ct, Antelope, CA 95843, USA"
3172,"5021 Flint Ave, Hanford, CA 93230, USA"
15804,"26 Caselli Ave, San Francisco, CA 94114, USA"
325,"8900 Edes Ave, Oakland, CA 94621, USA"
3201,"1000 W Audubon Rd, Hanford, CA 93230, USA"
275,"4281 Knoll Ave, Oakland, CA 94619, USA"
15760,"1707 Mission St, San Francisco, CA 94103, USA"
15748,"71 Buena Vista Ave E, San Francisco, CA 94117, USA"
15762,"40 Fillmore St, San Francisco, CA 94117, USA"
15739,"1006 Webster St, San Francisco, CA 94115, USA"
15766,"40 Fillmore St, San Francisco, CA 94117, USA"
15764,"40 Fillmore St, San Francisco, CA 94117, USA"
339,"1152 87th Ave, Oakland, CA 94621, USA"
15749,"540 Cole St, San Francisco, CA 94117, USA"
345,"1152 87th Ave, Oakland, CA 94621, USA"
15797,"40 Fillmore St, San Francisco, CA 94117, USA"
15753,"540 Cole St, San Francisco, CA 94117, USA"
9988,"1204 Willow St, Calistoga, CA 94515, USA"
15837,"54 Homestead St, San Francisco, CA 94114, USA"
15802,"54 Homestead St, San Francisco, CA 94114, USA"
15834,"54 Homestead St, San Francisco, CA 94114, USA"
15775,"540 Cole St, San Francisco, CA 94117, USA"
13905,"55137 Twentynine Palms Highway, Yucca Valley, CA 92284, USA"
10003,"14224 Normandy Ln, Grass Valley, CA 95949, USA"
15821,"1427 Valencia St, San Francisco, CA 94110, USA"
7195,"322 N Hicks Ave, Los Angeles, CA 90063, USA"
9994,"16932 Lawrence Way, Grass Valley, CA 95949, USA"
15813,"3431 A 19th St, San Francisco, CA 94110, USA"
15819,"3431 A 19th St, San Francisco, CA 94110, USA"
9993,"23722 Fagerlie Rd, Auburn, CA 95602, USA"
15796,"3431 A 19th St, San Francisco, CA 94110, USA"
9987,"1455 1st St, Calistoga, CA 94515, USA"
15870,"2101 Bryant St, San Francisco, CA 94110, USA"
15849,"205 Berkeley Way, San Francisco, CA 94131, USA"
15794,"1707 Mission St, San Francisco, CA 94103, USA"
15805,"1616 Shrader St, San Francisco, CA 94117, USA"
15827,"1427 Valencia St, San Francisco, CA 94110, USA"
15789,"851 Harrison St, San Francisco, CA 94107, USA"
15820,"1427 Valencia St, San Francisco, CA 94110, USA"
15787,"345 Spear St, San Francisco, CA 94105, USA"
767,"25100 Santa Clara St, Hayward, CA 94544, USA"
15871,"2101 Bryant St, San Francisco, CA 94110, USA"
15818,"3431 A 19th St, San Francisco, CA 94110, USA"
15854,"2 Ney St, San Francisco, CA 94112, USA"
15844,"117 Laidley St, San Francisco, CA 94131, USA"
15828,"4016 25th St, San Francisco, CA 94114, USA"
15887,"78 Navy Rd, San Francisco, CA 94124, USA"
15862,"2200 Cesar Chavez, San Francisco, CA 94124, USA"
15885,"212 Industrial St, San Francisco, CA 94124, USA"
15843,"141 Cortland Ave, San Francisco, CA 94110, USA"
15864,"687 Carolina St, San Francisco, CA 94107, USA"
10045,"13084 Idaho Maryland Rd, Nevada City, CA 95959, USA"
10028,"1094 E Main St, Grass Valley, CA 95945, USA"
15877,"1376 Florida St, San Francisco, CA 94110, USA"
13407,"9015 Raffia Ln, Fontana, CA 92335, USA"
16049,"1490 22nd Ave, San Francisco, CA 94122, USA"
7225,"739 Hoefner Ave, Los Angeles, CA 90022, USA"
10350,"24261 Castilla Ln, Mission Viejo, CA 92691, USA"
10315,"300 N Deerfield St, Anaheim, CA 92807, USA"
10385,"25001 Veterans Way, Mission Viejo, CA 92692, USA"
10384,"23611 Vía Estella, Mission Viejo, CA 92691, USA"
10347,"24276 Ensenada Ln, Mission Viejo, CA 92691, USA"
10351,"25791 Brookmont, Lake Forest, CA 92630, USA"
10373,"21571 Consejos, Mission Viejo, CA 92691, USA"
16260,"757 N Windsor Ave, Stockton, CA 95205, USA"
16264,"801 Diamond St, Stockton, CA 95205, USA"
10306,"4201 Genoa Way, Yorba Linda, CA 92886, USA"
10375,"21519 Marana, Mission Viejo, CA 92692, USA"
10323,"10471 S Randall St, Orange, CA 92869, USA"
10374,"22901 Vía Octavo, Mission Viejo, CA 92691, USA"
10324,"682 N Lemon Hill Trail, Orange, CA 92869, USA"
10361,"27041 Santa Susana Cir, Mission Viejo, CA 92691, USA"
10334,"7996 S Miramar Ave, Anaheim, CA 92808, USA"
10340,"12561 Vista Panorama, Santa Ana, CA 92705, USA"
10341,"12561 Vista Panorama, Santa Ana, CA 92705, USA"
10417,"27451 Silver Creek Dr, San Juan Capistrano, CA 92675, USA"
10415,"10 Flor De Jardin, Rancho Santa Margarita, CA 92688, USA"
10333,"6840 E Avenida De Santiago, Anaheim, CA 92807, USA"
10399,"28112 Calle Raquel, San Juan Capistrano, CA 92675, USA"
10553,"22154 Pheasant St, Lake Forest, CA 92630, USA"
10400,"33391 CA-74, San Juan Capistrano, CA 92675, USA"
10330,"6507 E Marengo Dr, Anaheim, CA 92807, USA"
10397,"210 The Shops Blvd, Mission Viejo, CA 92691, USA"
10362,"23572 El Toro Rd, Lake Forest, CA 92630, USA"
3158,"5117 Panama Rd, Bakersfield, CA 93307, USA"
773,"22699 Blackwood Ave, Hayward, CA 94541, USA"
11085,"202 S Ash St, Anaheim, CA 92805, USA"
16251,"103 E St, Stockton, CA 95205, USA"
16243,"43 E Alpine Ave, Stockton, CA 95204, USA"
